heavy,light,fitness,heavy_perplexity,light_perplexity,average_perplexity,negative log Kd
EVQLVESGGGLIQPGGSLRLSCAASGFALRMYDMHWVRQTIDKRLEWVSAVGPSGDTYYADSVKGRFAVSRENAKNSLSLQMNSLTAGDTAIYYCVRSDRGVAGLFDSWGQGILVTVSS,DIQMTQSPSSLSASVGDRITITCRASQAFDNYVAWYQQRPGKVPKLLISAASALHAGVPSRFSGSGSGTHFTLTISSLQPEDVATYYCQNYNSAPLTFGGGTKVEIK,0.140733333,2.0388899198162354,1.5294282994110366,1.784159109613636,1.9608884346045723
EVQLVESGGGLIQPGGSLRLSCAASGFALRSYDMHWVRQTIDKRLEWVSAVGPSGDTYYADSVKGRFAVSRENAKNSLSLQMNSLTAGDTAIYYCVRSDRGVAGLFDSWGQGILVTVSS,DIQMTQSPSSLSASVGDRITITCRASQAFDNYVAWYQQRPGKVPKLLISAASALHAGVPSRFSGSGSGTHFTLTISSLQPEDVATYYCQNYNSAPLTFGGGTKVEIK,0.134349,1.9753502430098249,1.5294282994110366,1.7523892712104308,2.007314387193593
EVQLVESGGGLIQPGGSLRLSCAASGFALRMYDMHWVRQTPDKRLEWVSAVGPSGDTYYADSVKGRFAVSRENAKNSLSLQMNSLTAGDTAIYYCVRSDRGVAGLFDSWGQGILVTVSS,DIQMTQSPSSLSASVGDRITITCRASQAFDNYVAWYQQRPGKVPKLLISAASALHAGVPSRFSGSGSGTHFTLTISSLQPEDVATYYCQNYNSAPLTFGGGTKVEIK,0.325633333,2.0240440125292163,1.5294282994110366,1.7767361559701265,1.121983276014996
EVQLVESGGGLIQPGGSLRLSCAASGFALRMYDMHWVRQTIGKRLEWVSAVGPSGDTYYADSVKGRFAVSRENAKNSLSLQMNSLTAGDTAIYYCVRSDRGVAGLFDSWGQGILVTVSS,DIQMTQSPSSLSASVGDRITITCRASQAFDNYVAWYQQRPGKVPKLLISAASALHAGVPSRFSGSGSGTHFTLTISSLQPEDVATYYCQNYNSAPLTFGGGTKVEIK,0.18228,2.0048491078022774,1.5294282994110366,1.767138703606657,1.702211312586455
EVQLVESGGGLIQPGGSLRLSCAASGFALRMYDMHWVRQTIDKRLEWVSAVGPSGDTYYADSVKGRFTVSRENAKNSLSLQMNSLTAGDTAIYYCVRSDRGVAGLFDSWGQGILVTVSS,DIQMTQSPSSLSASVGDRITITCRASQAFDNYVAWYQQRPGKVPKLLISAASALHAGVPSRFSGSGSGTHFTLTISSLQPEDVATYYCQNYNSAPLTFGGGTKVEIK,0.096616667,1.983208378855925,1.5294282994110366,1.7563183391334807,2.3370040164144443
EVQLVESGGGLIQPGGSLRLSCAASGFALRMYDMHWVRQTIDKRLEWVSAVGPSGDTYYADSVKGRFAVSRDNAKNSLSLQMNSLTAGDTAIYYCVRSDRGVAGLFDSWGQGILVTVSS,DIQMTQSPSSLSASVGDRITITCRASQAFDNYVAWYQQRPGKVPKLLISAASALHAGVPSRFSGSGSGTHFTLTISSLQPEDVATYYCQNYNSAPLTFGGGTKVEIK,0.130632333,2.0512107346480537,1.5294282994110366,1.7903195170295452,2.035368520039686
EVQLVESGGGLIQPGGSLRLSCAASGFALRMYDMHWVRQTIDKRLEWVSAVGPSGDTYYADSVKGRFAVSRENAKNSLYLQMNSLTAGDTAIYYCVRSDRGVAGLFDSWGQGILVTVSS,DIQMTQSPSSLSASVGDRITITCRASQAFDNYVAWYQQRPGKVPKLLISAASALHAGVPSRFSGSGSGTHFTLTISSLQPEDVATYYCQNYNSAPLTFGGGTKVEIK,0.129496667,2.0062039593382535,1.5294282994110366,1.767816129374645,2.044100135625496
EVQLVESGGGLIQPGGSLRLSCAASGFALRMYDMHWVRQTIDKRLEWVSAVGPSGDTYYADSVKGRFAVSRENAKNSLSLQMNSLTAGDTAIYYCVRSDRGVAGLFDSWGQGTLVTVSS,DIQMTQSPSSLSASVGDRITITCRASQAFDNYVAWYQQRPGKVPKLLISAASALHAGVPSRFSGSGSGTHFTLTISSLQPEDVATYYCQNYNSAPLTFGGGTKVEIK,0.07141,1.9977148760787813,1.5294282994110366,1.763571587744909,2.6393173634211182
EVQLVESGGGLIQPGGSLRLSCAASGFALRMYDMHWVRQTIDKRLEWVSAVGPSGDTYYADSVKGRFAVSRENAKNSLSLQMNSLTAGDTAIYYCVRSDRGVAGLFDSWGQGILVTVSS,DIQMTQSPSSLSASVGDRVTITCRASQAFDNYVAWYQQRPGKVPKLLISAASALHAGVPSRFSGSGSGTHFTLTISSLQPEDVATYYCQNYNSAPLTFGGGTKVEIK,0.232648333,2.0388899198162354,1.4863125139877156,1.7626012169019756,1.4582272659868685
EVQLVESGGGLIQPGGSLRLSCAASGFALRMYDMHWVRQTIDKRLEWVSAVGPSGDTYYADSVKGRFAVSRENAKNSLSLQMNSLTAGDTAIYYCVRSDRGVAGLFDSWGQGILVTVSS,DIQMTQSPSSLSASVGDRITITCRASQAIDNYVAWYQQRPGKVPKLLISAASALHAGVPSRFSGSGSGTHFTLTISSLQPEDVATYYCQNYNSAPLTFGGGTKVEIK,0.456989,2.0388899198162354,1.4741811900267572,1.7565355549214963,0.7830959583995019
EVQLVESGGGLIQPGGSLRLSCAASGFALRMYDMHWVRQTIDKRLEWVSAVGPSGDTYYADSVKGRFAVSRENAKNSLSLQMNSLTAGDTAIYYCVRSDRGVAGLFDSWGQGILVTVSS,DIQMTQSPSSLSASVGDRITITCRASQAFDNYVAWYQQRPGKAPKLLISAASALHAGVPSRFSGSGSGTHFTLTISSLQPEDVATYYCQNYNSAPLTFGGGTKVEIK,0.06784,2.0388899198162354,1.5513877093776125,1.7951388145969238,2.6906032874984893
EVQLVESGGGLIQPGGSLRLSCAASGFALRMYDMHWVRQTIDKRLEWVSAVGPSGDTYYADSVKGRFAVSRENAKNSLSLQMNSLTAGDTAIYYCVRSDRGVAGLFDSWGQGILVTVSS,DIQMTQSPSSLSASVGDRITITCRASQAFDNYVAWYQQRPGKVPKLLIYAASALHAGVPSRFSGSGSGTHFTLTISSLQPEDVATYYCQNYNSAPLTFGGGTKVEIK,0.580933333,2.0388899198162354,1.5015880193842692,1.7702389696002523,0.5431192739807489
EVQLVESGGGLIQPGGSLRLSCAASGFALRMYDMHWVRQTIDKRLEWVSAVGPSGDTYYADSVKGRFAVSRENAKNSLSLQMNSLTAGDTAIYYCVRSDRGVAGLFDSWGQGILVTVSS,DIQMTQSPSSLSASVGDRITITCRASQAFDNYVAWYQQRPGKVPKLLISAASALHAGVPSRFSGSGSGTDFTLTISSLQPEDVATYYCQNYNSAPLTFGGGTKVEIK,0.273346667,2.0388899198162354,1.4938987758381885,1.766394347827212,1.2970144468744196
EVQLVESGGGLIQPGGSLRLSCAASGFALRMYDMHWVRQTIDKRLEWVSAVGPSGDTYYADSVKGRFAVSRENAKNSLSLQMNSLTAGDTAIYYCVRSDRGVAGLFDSWGQGILVTVSS,DIQMTQSPSSLSASVGDRITITCRASQAFDNYVAWYQQRPGKVPKLLISAASALHAGVPSRFSGSGSGTHFTLTISSLQPEDVATYYCQQYNSAPLTFGGGTKVEIK,3.978666667,2.0388899198162354,1.5603911760452058,1.7996405479307205,-1.3809467548770755
EVQLVESGGGLIQPGGSLRLSCAASGFALRMYDMHWVRQTIGKRLEWVSAVGPSGDTYYADSVKGRFTVSRENAKNSLYLQMNSLTAGDTAIYYCVRSDRGVAGLFDSWGQGILVTVSS,DIQMTQSPSSLSASVGDRITITCRASQAFDNYVAWYQQRPGKVPKLLISAASALHAGVPSRFSGSGSGTHFTLTISSLQPEDVATYYCQNYNSAPLTFGGGTKVEIK,0.18955,1.91394265605357,1.5294282994110366,1.7216854777323034,1.663102437019793
EVQLVESGGGLIQPGGSLRLSCAASGFALRMYDMHWVRQTPGKRLEWVSAVGPSGDTYYADSVKGRFTVSRENAKNSLYLQMNSLTAGDTAIYYCVRSDRGVAGLFDSWGQGTLVTVSS,DIQMTQSPSSLSASVGDRITITCRASQAFDNYVAWYQQRPGKVPKLLISAASALHAGVPSRFSGSGSGTHFTLTISSLQPEDVATYYCQNYNSAPLTFGGGTKVEIK,0.1859,1.8579170473242284,1.5294282994110366,1.6936726733676326,1.6825463842547386
EVQLVESGGGLIQPGGSLRLSCAASGFALRMYDMHWVRQTIDKRLEWVSAVGPSGDTYYADSVKGRFTVSRENAKNSLSLQMNSLTAGDTAIYYCVRSDRGVAGLFDSWGQGTLVTVSS,DIQMTQSPSSLSASVGDRITITCRASQAFDNYVAWYQQRPGKAPKLLISAASALHAGVPSRFSGSGSGTHFTLTISSLQPEDVATYYCQNYNSAPLTFGGGTKVEIK,0.17375,1.9418815364870883,1.5513877093776125,1.7466346229323504,1.7501377945372356
EVQLVESGGGLIQPGGSLRLSCAASGFALRMYDMHWVRQTIDKRLEWVSAVGPSGDTYYADSVKGRFTVSRDNAKNSLYLQMNSLTAGDTAIYYCVRSDRGVAGLFDSWGQGTLVTVSS,DIQMTQSPSSLSASVGDRITITCRASQAFDNYVAWYQQRPGKAPKLLISAASALHAGVPSRFSGSGSGTHFTLTISSLQPEDVATYYCQNYNSAPLTFGGGTKVEIK,0.07605,1.935383734531482,1.5513877093776125,1.7433857219545472,2.576364260276835
EVQLVESGGGLIQPGGSLRLSCAASGFALRMYDMHWVRQTIGKRLEWVSAVGPSGDTYYADSVKGRFTVSRENAKNSLYLQMNSLTAGDTAIYYCVRSDRGVAGLFDSWGQGILVTVSS,DIQMTQSPSSLSASVGDRITITCRASQAFDNYVAWYQQRPGKAPKLLISAASALHAGVPSRFSGSGSGTHFTLTISSLQPEDVATYYCQNYNSAPLTFGGGTKVEIK,0.06105,1.91394265605357,1.5513877093776125,1.7326651827155912,2.796062078425423
EVQLVESGGGLIQPGGSLRLSCAASGFALRMYDMHWVRQTPGKRLEWVSAVGPSGDTYYADSVKGRFTVSRENAKNSLYLQMNSLTAGDTAIYYCVRSDRGVAGLFDSWGQGTLVTVSS,DIQMTQSPSSLSASVGDRITITCRASQAFDNYVAWYQQRPGKAPKLLISAASALHAGVPSRFSGSGSGTHFTLTISSLQPEDVATYYCQNYNSAPLTFGGGTKVEIK,0.06855,1.8579170473242284,1.5513877093776125,1.7046523783509204,2.6801918729738134
