Unnamed: 0,heavy,light,fitness,heavy_perplexity,light_perplexity,average_perplexity,negative log Kd
0,EVQLVESGGGLVQPGGSLRLSCAASGFNVSSSYIHWVRQAPGKGLEWVARIYPENGSTRYADSVKGRFTISADTSKNTAYLQMNSLRAEDTAVYYCSRYSYYGGYAFDYWGQGTLVTVSS,DIQMTQSPSSLSASVGDRVTITCRASQDVNTAVAWYQQKPGKAPKLLIYSASFLYSGVPSRFSGSRSGTDFTLTISSLQPEDFATYYCQQHYTTPPTFGQGTKVEIK,224.9,2.3287339591159597,1.7891703168146793,2.0589521379653197,-5.41565585896527
1,EVQLVESGGGLVQPGGSLRLSCAASGFNISDYYIHWVRQAPGKGLEWVARIYPSSGYTRYADSVKGRFTISADTSKNTAYLQMNSLRAEDTAVYYCARDGGVGSYSMDVWGQGTLVTVSS,DIQMTQSPSSLSASVGDRVTITCRASQDVNTAVAWYQQKPGKAPKLLIYSASFLYSGVPSRFSGSRSGTDFTLTISSLQPEDFATYYCQQHYTTPPTFGQGTKVEIK,1322.98,2.3351339381868845,1.7891703168146793,2.0621521275007817,-7.187642046842716
2,EVQLVESGGGLVQPGGSLRLSCAASGFNIKDTWIHWVRQAPGKGLEWVARIDPANGYTRYADSVKGRFTISADTSKNTAYLQMNSLRAEDTAVYYCARVGGRGYYYYDYWGQGTLVTVSS,DIQMTQSPSSLSASVGDRVTITCRASQDVNTAVAWYQQKPGKAPKLLIYSASFLYSGVPSRFSGSRSGTDFTLTISSLQPEDFATYYCQQHYTTPPTFGQGTKVEIK,394.14,1.8746989173134507,1.7891703168146793,1.8319346170640651,-5.976706176132437
3,EVQLVESGGGLVQPGGSLRLSCAASGFNIKDYYIHWVRQAPGKGLEWVARIYPSRGYTRYADSVKGRFTISADTSKNTAYLQMNSLRAEDTAVYYCARHGSEGRYTMDVWGQGTLVTVSS,DIQMTQSPSSLSASVGDRVTITCRASQDVNTAVAWYQQKPGKAPKLLIYSASFLYSGVPSRFSGSRSGTDFTLTISSLQPEDFATYYCQQHYTTPPTFGQGTKVEIK,192.08,2.331821463960144,1.7891703168146793,2.0604958903874113,-5.257911951912997
4,EVQLVESGGGLVQPGGSLRLSCAASGFNFKDTYIHWVRQAPGKGLEWVARIYPANGYTRYADSVKGRFTISADTSKNTAYLQMNSLRAEDTAVYYCASDGGSYSYAFDYWGQGTLVTVSS,DIQMTQSPSSLSASVGDRVTITCRASQDVNTAVAWYQQKPGKAPKLLIYSASFLYSGVPSRFSGSRSGTDFTLTISSLQPEDFATYYCQQHYTTPPTFGQGTKVEIK,642.24,2.075631610901978,1.7891703168146793,1.9324009638583286,-6.464962065607973
5,EVQLVESGGGLVQPGGSLRLSCAASGFNIKDTYIHWVRQAPGKGLEWVARIYPEDGSTRYADSVKGRFTISADTSKNTAYLQMNSLRAEDTAVYYCARSGGSSTYAYDYWGQGTLVTVSS,DIQMTQSPSSLSASVGDRVTITCRASQDVNTAVAWYQQKPGKAPKLLIYSASFLYSGVPSRFSGSRSGTDFTLTISSLQPEDFATYYCQQHYTTPPTFGQGTKVEIK,669.18,2.0413820222837553,1.7891703168146793,1.9152761695492173,-6.506053082234501
6,EVQLVESGGGLVQPGGSLRLSCAASGFNIKDTYIHWVRQAPGKGLEWVARIYPTNGYTRYADSVKGRFTISADTSKNTAYLQMNSLRAEDTAVYYCARYGGDYYYYYDYWGQGTLVTVSS,DIQMTQSPSSLSASVGDRVTITCRASQDVNTAVAWYQQKPGKAPKLLIYSASFLYSGVPSRFSGSRSGTDFTLTISSLQPEDFATYYCQQHYTTPPTFGQGTKVEIK,56.99,2.0296833217020764,1.7891703168146793,1.9094268192583779,-4.0428758138469085
7,EVQLVESGGGLVQPGGSLRLSCAASGFNIKDTYIHWVRQAPGKGLEWVARIYPTNGYTRYADSVKGRFTISADTSKNTAYLQMNSLRAEDTAVYYCARYYGSSSYYFAYWGQGTLVTVSS,DIQMTQSPSSLSASVGDRVTITCRASQDVNTAVAWYQQKPGKAPKLLIYSASFLYSGVPSRFSGSRSGTDFTLTISSLQPEDFATYYCQQHYTTPPTFGQGTKVEIK,60.62,1.9501947358354281,1.7891703168146793,1.8696825263250538,-4.104624871629657
8,EVQLVESGGGLVQPGGSLRLSCAASGFNIKDTYIHWVRQAPGKGLEWVARIYPTNGYTRYADSVKGRFTISADTSKNTAYLQMNSLRAEDTAVYYCARYSGSSYYYYDYWGQGTLVTVSS,DIQMTQSPSSLSASVGDRVTITCRASQDVNTAVAWYQQKPGKAPKLLIYSASFLYSGVPSRFSGSRSGTDFTLTISSLQPEDFATYYCQQHYTTPPTFGQGTKVEIK,422.65,1.9677511193822073,1.7891703168146793,1.8784607180984434,-6.046544413374936
9,EVQLVESGGGLVQPGGSLRLSCAASGFNIKDTYIHWVRQAPGKGLEWVARIYSSDGYTRYADSVKGRFTISADTSKNTAYLQMNSLRAEDTAVYYCARSGGSSYYYYDYWGQGTLVTVSS,DIQMTQSPSSLSASVGDRVTITCRASQDVNTAVAWYQQKPGKAPKLLIYSASFLYSGVPSRFSGSRSGTDFTLTISSLQPEDFATYYCQQHYTTPPTFGQGTKVEIK,809.63,2.0341527068640053,1.7891703168146793,1.9116615118393423,-6.696577353182637
10,EVQLVESGGGLVQPGGSLRLSCAASGFNIKDTYIHWVRQAPGKGLEWVARIDPANGYTRYADSVKGRFTISADTSKNTAYLQMNSLRAEDTAVYYCARVGGRGYYYYDYWGQGTLVTVSS,DIQMTQSPSSLSASVGDRVTITCRASQDVNTAVAWYQQKPGKAPKLLIYSASFLYSGVPSRFSGSRSGTDFTLTISSLQPEDFATYYCQQHYTTPPTFGQGTKVEIK,133.97,1.7449153961545396,1.7891703168146793,1.7670428564846095,-4.8976158942888945
11,EVQLVESGGGLVQPGGSLRLSCAASGFNIKDTYIHWVRQAPGKGLEWVARIDPENGYTRYADSVKGRFTISADTSKNTAYLQMNSLRAEDTAVYYCARVGGYGYYYYDYWGQGTLVTVSS,DIQMTQSPSSLSASVGDRVTITCRASQDVNTAVAWYQQKPGKAPKLLIYSASFLYSGVPSRFSGSRSGTDFTLTISSLQPEDFATYYCQQHYTTPPTFGQGTKVEIK,277.34,1.912858177909043,1.7891703168146793,1.8510142473618612,-5.625244190325718
12,EVQLVESGGGLVQPGGSLRLSCAASGFNIKDTYIHWVRQAPGKGLEWVARIYPSSGYTRYADSVKGRFTISADTSKNTAYLQMNSLRAEDTAVYYCASSGGRYYYYYDYWGQGTLVTVSS,DIQMTQSPSSLSASVGDRVTITCRASQDVNTAVAWYQQKPGKAPKLLIYSASFLYSGVPSRFSGSRSGTDFTLTISSLQPEDFATYYCQQHYTTPPTFGQGTKVEIK,590.53,2.0893558336826623,1.7891703168146793,1.9392630752486708,-6.381020438749965
13,EVQLVESGGGLVQPGGSLRLSCAASGFNIKDTYIHWVRQAPGKGLEWVARIYPANGYTRYADSVKGRFTISADTSKNTAYLQMNSLRAEDTAVYYCASSGGGYSYYYTYWGQGTLVTVSS,DIQMTQSPSSLSASVGDRVTITCRASQDVNTAVAWYQQKPGKAPKLLIYSASFLYSGVPSRFSGSRSGTDFTLTISSLQPEDFATYYCQQHYTTPPTFGQGTKVEIK,475.78,2.069638136726434,1.7891703168146793,1.9294042267705567,-6.16495556251712
14,EVQLVESGGGLVQPGGSLRLSCAASGFNIKDTYIHWVRQAPGKGLEWVARIYPANGYTRYADSVKGRFTISADTSKNTAYLQMNSLRAEDTAVYYCAREGGVGYYSFAYWGQGTLVTVSS,DIQMTQSPSSLSASVGDRVTITCRASQDVNTAVAWYQQKPGKAPKLLIYSASFLYSGVPSRFSGSRSGTDFTLTISSLQPEDFATYYCQQHYTTPPTFGQGTKVEIK,213.14,1.9082833234103345,1.7891703168146793,1.8487268201125069,-5.3619492267928095
15,EVQLVESGGGLVQPGGSLRLSCAASGFNIKDTYIHWVRQAPGKGLEWVARIYPSNGYTRYADSVKGRFTISADTSKNTAYLQMNSLRAEDTAVYYCARSSGYYSYSYDYWGQGTLVTVSS,DIQMTQSPSSLSASVGDRVTITCRASQDVNTAVAWYQQKPGKAPKLLIYSASFLYSGVPSRFSGSRSGTDFTLTISSLQPEDFATYYCQQHYTTPPTFGQGTKVEIK,230.09,2.022553903514983,1.7891703168146793,1.9058621101648312,-5.438470536731441
16,EVQLVESGGGLVQPGGSLRLSCAASGFNIKDTYIHWVRQAPGKGLEWVARIYPSNGYTRYADSVKGRFTISADTSKNTAYLQMNSLRAEDTAVYYCARYYGGSMYYYGYWGQGTLVTVSS,DIQMTQSPSSLSASVGDRVTITCRASQDVNTAVAWYQQKPGKAPKLLIYSASFLYSGVPSRFSGSRSGTDFTLTISSLQPEDFATYYCQQHYTTPPTFGQGTKVEIK,109.22,2.1821081222883465,1.7891703168146793,1.985639219551513,-4.693364196724008
17,EVQLVESGGGLVQPGGSLRLSCAASGFNIKDTYIHWVRQAPGKGLEWVARIYPSNGYTRYADSVKGRFTISADTSKNTAYLQMNSLRAEDTAVYYCARYRGSSSYYFDYWGQGTLVTVSS,DIQMTQSPSSLSASVGDRVTITCRASQDVNTAVAWYQQKPGKAPKLLIYSASFLYSGVPSRFSGSRSGTDFTLTISSLQPEDFATYYCQQHYTTPPTFGQGTKVEIK,906.53,1.8963864669029893,1.7891703168146793,1.8427783918588343,-6.809624123966109
18,EVQLVESGGGLVQPGGSLRLSCAASGFNIKDTYIHWVRQAPGKGLEWVARIYPSNGYTRYADSVKGRFTISADTSKNTAYLQMNSLRAEDTAVYYCARSGYYYSYSFDYWGQGTLVTVSS,DIQMTQSPSSLSASVGDRVTITCRASQDVNTAVAWYQQKPGKAPKLLIYSASFLYSGVPSRFSGSRSGTDFTLTISSLQPEDFATYYCQQHYTTPPTFGQGTKVEIK,347.56,2.0394284784399557,1.7891703168146793,1.9142993976273175,-5.850937311971005
19,EVQLVESGGGLVQPGGSLRLSCAASGFNIKDTYIHWVRQAPGKGLEWVARIYPANGYTRYADSVKGRFTISADTSKNTAYLQMNSLRAEDTAVYYCASSGGSSSYYYNYWGQGTLVTVSS,DIQMTQSPSSLSASVGDRVTITCRASQDVNTAVAWYQQKPGKAPKLLIYSASFLYSGVPSRFSGSRSGTDFTLTISSLQPEDFATYYCQQHYTTPPTFGQGTKVEIK,553.82,1.9728645497196893,1.7891703168146793,1.8810174332671843,-6.3168397242053835
20,EVQLVESGGGLVQPGGSLRLSCAASGFNIKDTYIHWVRQAPGKGLEWVARIYPSNGYTRYADSVKGRFTISADTSKNTAYLQMNSLRAEDTAVYYCARYGGSYAYYFYYWGQGTLVTVSS,DIQMTQSPSSLSASVGDRVTITCRASQDVNTAVAWYQQKPGKAPKLLIYSASFLYSGVPSRFSGSRSGTDFTLTISSLQPEDFATYYCQQHYTTPPTFGQGTKVEIK,18.6,2.0552308431182142,1.7891703168146793,1.9222005799664468,-2.9231615807191558
21,EVQLVESGGGLVQPGGSLRLSCAASGFNIKDTYIHWVRQAPGKGLEWVARIYPTNGYTRYADSVKGRFTISADTSKNTAYLQMNSLRAEDTAVYYCARSGGSSYYYYDYWGQGTLVTVSS,DIQMTQSPSSLSASVGDRVTITCRASQDVNTAVAWYQQKPGKAPKLLIYSASFLYSGVPSRFSGSRSGTDFTLTISSLQPEDFATYYCQQHYTTPPTFGQGTKVEIK,1067.07,1.9845528642463324,1.7891703168146793,1.886861590530506,-6.972671853648467
22,EVQLVESGGGLVQPGGSLRLSCAASGFNIKDTYIHWVRQAPGKGLEWVARIDPADGYTRYADSVKGRFTISADTSKNTAYLQMNSLRAEDTAVYYCAREGGYGYYAMDYWGQGTLVTVSS,DIQMTQSPSSLSASVGDRVTITCRASQDVNTAVAWYQQKPGKAPKLLIYSASFLYSGVPSRFSGSRSGTDFTLTISSLQPEDFATYYCQQHYTTPPTFGQGTKVEIK,160.15,1.7295481772397574,1.7891703168146793,1.7593592470272184,-5.076110876055167
23,EVQLVESGGGLVQPGGSLRLSCAASGFNIKDTYIHWVRQAPGKGLEWVARIYPTNGYTRYADSVKGRFTISADTSKNTAYLQMNSLRAEDTAVYYCSRWGGDGFYAMDYWGQGTLVTVSS,DIQMTQSPSSLSASVGDRVTITCRASQDVNTAVAWYQQKPGKAPKLLIYSASFLYSGVPSRFSGSRSGTDFTLTISSLQPEDFATYYCQQHYTTPPTFGQGTKVEIK,1.94,1.9054785617301953,1.7891703168146793,1.8473244392724373,-0.6626879730752367
