name,heavy,light,fitness,heavy_perplexity,light_perplexity,average_perplexity,negative log Kd,is_first_row
>93_AM14_WT,VQLVESGGGVVQPGRSLRLSCAASGFSFSHYAMHWVRQAPGKGLEWVAVISYDGENTYYADSVKGRFSISRDNSKNTVSLQMNSLRPEDTALYYCARDRIVDDYYYYGMDVWGQGATVTVSS,DIQMTQSPSSLSASVGDRVTITCQASQDIKKYLNWYHQKPGKVPELLMHDASNLETGVPSRFSGRGSGTDFTLTISSLQPEDIGTYYCQQYDNLPPLTFGGGTKVEIK,1.53e-11,1.6179851674049608,1.4551978329654895,1.5365915001852253,24.903168287530157,True
>1_AM14_01_2_0044,VQLVESGGGVVQPGRSLRLSCVASGFSFSHYAMHWVRQAPGKGLEWVAVISYDGERTYYADSVKGRFSISRDNSKNTVYLQMNSLRPEDTALYYCARDRIVDDYYYYGMDVWGQGATVTVSS,DIQMTQSPSSLSASVGDRVTITCQASQDIGNYLNWYHQKPGKVPELLMHDASNLEPGVPSRFSGRGSGTDFTLTISSLQPEDIGTYYCQQYDRLPILTFGEGTKVEIK,3.39e-11,1.7164212933415115,1.7435464987340028,1.7299838960377572,24.107606101542142,False
>3_AM14_01_6_0044,VQLVESGGGVVQPGRSLRLSCAASGFSFSHYAMHWVRQAPGKGLEWVAVISYDGEYTYYADSVKGRFSISRDNSKNTVYLQMNSLRPEDTALYYCARDRIVDDYYYYGMDVWGQGATVTVSS,DIQMTQSPSSLSASVGDRVTITCQASQDIKKYLNWYHQKPGKVPELLMHDASNLEPGVPSRFSGRGSGTDFTLTISSLQPEDIGTYYCQQYDRLPILTFGEGTKVEIK,4.34e-11,1.6709739070666554,1.741921270067984,1.7064475885673196,23.86056167482219,False
>4_AM14_02_0.5_0003,VQLVESGGGVVQPGRSLRLSCAASGFSFSHYAMHWVRQAPGKGLEWVAVISYDGENTYYADSVKGRFSISRDNSKNTVYLQMNNLRPEDTALYYCARDRIVDDYYYYGMDVWGQGTTVTVSS,DIQMTQSPSSLSASVGDRVTITCQASQDIKKYLNWYHQKPGKVPELLMHDASNLETGVPSRFSGRGSGTDFTLTISSLQPEDIGIYYCQQYDNLPPLTFGQGTKVEIK,1.45e-11,1.5992846268454994,1.6404873442991266,1.6198859855723131,24.95687246650202,False
>5_AM14_03_1_0004,VQLVESGGGVVQPGRSLRLSCVASGFSFSHYAMHWVRQAPGKGLEWVAVISYDGEITYYHDSVKGRFSISRDNSKNTVYLQMNNLRPEDTALYYCARDRIVDDYYYYGMDVWGQGATVTVSS,DIQMTQSPESLSASVGDRVTITCRASQDIKNYLNWYHQKPGKVPELLMHDANNLEDGVPSRFSGRGSGTDFTLTISSLQPEDIGTYYCQQYTDSGNLTFGQGTKVEIK,1.7e-11,1.8693446973291323,2.4143180281925214,2.141831362760827,24.797807771872332,False
>7_AM14_03_2_0025,VQLVESGGGVVQPGRSLRLSCVASGFSFSHYAMHWVRQAPGKGLEWVAVISYDGEITYYHDSVKGRFSISRDNSKNTVYLQMNSLRPEDTALYYCARDRIVDDYYYYGMDVWGQGATVTVSS,DIQMTQSPSSLSASVGDRVTITCRASQDIKNYLNWYHQKPGKVPELLMHDANNLEDGVPSRFSGRGSGTDFTLTISSLQPEDIGTYYCQQYYDLPNLTFGQGTKVEIK,2.52e-11,1.8249721111788528,2.0703790463898493,1.947675578784351,24.40417712141117,False
>19_0.25_AM14_01_0010,VQLVESGGGVVQPGRSLRLSCQASGFSFSHYAMHWVRQPPGKGLEWVAVISYDGEKTYYADSVKGRFSISRDNSKNTVHLQMNNLRPEDTALYYCARDRIVDDYYYYGMDVWGQGATVIVSS,DIQMTQSPESLSASVGDRVTITCQASQDIKNWLNWYHQKPGKVPELLMDKGHVLHPGVPSRFSGRGSGTDFTLTISSLQPEDIGTYYCQQYDNLPPLTFGEGTKVEIK,1.41e-11,1.9070821253310815,2.295106789140301,2.1010944572356913,24.984846318544424,False
>20_0.25_AM14_01_0031,VQLVESGGGVVQPGRSLRLSCVASGFSFSHYAMHWVRQPPGKGLEWVAVISYDGEKTYYADSVKGRFSISRDNSKNTVHLQMNNLRPEDTALYYCARDRIVDDYYYYGMDVWGQGATVIVSS,DIQMTQSPESLSASVGDRVTITCRASRSLVNSNGNTYLYWYHQKPGKVPELLMHDGTNLHDGVPSRFQGRGSGTDFTLTISSLQPEDIGIYYCQQFDNLPPISFGEGTKVEIK,3.75e-11,1.8377852132963604,2.88893847473788,2.3633618440171205,24.00668018295218,False
>21_0.25_AM14_01_0070,VQLVESGGGVVQPGRSLRLSCVASGFSFSHYAMHWVRQPPGKGLEWVAVISYDGEYTYYADSVKGRFSISRDNSKNTVHLQMNNLRPEDTALYYCARDRIVDDYYYYGMDVWGQGAIVIVSS,DIQMTQSPESLSASVGDRVTITCRASESVDYNGRSFIHWYHQKPGKVPELLMHDASNLEPGVPSRFQGRGSGTDFTLTISSLQPEDIGTYYCQQYDKLPPLTFGEGTKVEIK,3.58e-11,1.993020585440317,2.333050297174872,2.1630354413075943,24.053073222521892,False
>22_0.25_AM14_01_0084,VQLVESGGGVVQPGRSLRLSCVASGFSFSHYAMHWVRQPPGKGLEWVAVISYDGERTHYADSVKGRFSISRDNSKNTVHLQMNNLRPEDTALYYCARDRIVDDYYYYGMDVWGQGATVIVSS,DIQMTQSPESLSASVGDRVTITCQASQDIKTWLNWYHQKPGKVPELLMYDSNKLDSNVPSRFSGRGSGTDFTLTISSLQPEDIGTYYCQQYDKLPPLTFGEGTKVEIK,2.68e-11,1.8852640544547206,2.366231959715768,2.125748007085244,24.342619228411735,False
>23_0.5_AM14_01_0031,VQLVESGGGVVQPGRSLRLSCVASGFSFSHYAMHWVRQPPGKGLEWVAVISYDGEYTYYADSVKGRFSISRDNSKNTVHLQMNNLRPEDTALYYCARDRIVDDYYYYGMDVWGQGATVIVSS,DIQMTQSPESLSASVGDRVTITCRASQSLVNSNGNTYLYWYHQKPGKVPELLMHDGTNLEEGVPSRFSGRGSGTDFTLTISSLQPEDIGTYYCMQFDNLPPLSFGEGTKVEIK,3.03e-11,1.8768535107481528,2.565933865810167,2.22139368827916,24.219873403413224,False
>24_0.5_AM14_01_0032,VQLVESGGGVVQPGRSLRLSCVASGFSFSHYAMHWVRQPPGKGLEWVAVISYDGKYTYYADSVKGRFSISRDNSKNTVHLQMNNLRPEDTALYYCARDRIVDDYYYYGMDVWGQGATVIVSS,DIQMTQSPESLSASVGDRVTITCKSSQSLLNSNTQKNYLAWYHQKPGKVPELLMHDGTNLEPGVPSRFQGRGSGTDFTLTISSLQPEDIGTYYCQQYDKLPPLTFGEGTKVEIK,5.59e-10,1.8601335103087384,2.426374423994742,2.14325396715174,21.30487164277345,False
>27_0_AM14_01_0032,VQLVESGGGVVQPGRSLRLSCVASGFAFSHYAMHWVRQPPGKGLEWVAVISYDGEKTYYADSVKGRFSITRDNSKNTVHLQMNNLRPEDTALYYCARDRIVDDYYYYGMDVWGQGATVIVSS,DIQMTQSPESLSASVGDRVTITCRSSQSLLNSNTQKNYLAWYHQKPGKVPELLMHDGTNLEPGVPERFQGRGSGTDFTLTISSLQPEDIGIYYCQQYDKLPPLTFGEGTKVEIK,8.32e-11,1.9238818009596046,2.600812195436184,2.262346998197894,23.209773768101385,False
>29_0_AM14_01_0084_,VQLVESGGGVVQPGRSLRLSCVASGFSFSHYAMHWVRQPPGKGLEWVAVISYDGERTHYADSVKGRFSISRDNSKNTVHLQMNNLRPEDTALYYCARDRIVDDYYYYGMDVWGQGATVIVSS,DIQMTQSPESLSASVGDRVTITCQASQDIKTFLNWYHQKPGKVPELLMYDSNKLSSNVPSRFQGRGSGTDFTLTISSLQPEDIGTYYCQQYDKLPPLTFGEGTKVEIK,2.46e-11,1.8852640544547206,2.5382807054634235,2.211772379959072,24.42827467299023,False
>30_1.5_AM14_01_0010,VQLVESGGGVVQPGRSLRLSCQASGFSFSHYAMHWVRQPPGKGLEWVAVISYDGEKTYYADSVKGRFSISRDNSKNTVHLQMNNLRPEDTALYYCARDRIVDDYYYYGMDVWGQGATVTVSS,DIQMTQSPESLSASVGDRVTITCQASQDIKKYLNWYHQKPGKVPELLMDKGHVVHPGVPSRFSGRGSGTDFTLTISSLQPEDIGTYYCQQYDNLPPLTFGEGTKVEIK,5.49e-11,1.8711142412380035,2.2357133810591656,2.0534138111485847,23.625507767413062,False
>31_1.5_AM14_01_0070,VQLVESGGGVVQPGRSLRLSCVASGFSFSHYAMHWVRQPPGKGLEWVAVISYDGEYTYYADSVKGRFSISRDNSKNTVHLQMNSLRPEDTALYYCARDRIVDDYYYYGMDVWGQGATVIVSS,DIQMTQSPSSLSASVGDRVTITCRASESVDYDGRSFIHWYHQKPGKVPELLMHDTSNLEPGVPSRFSGRGSGTDFTLTISSLQPEDIGTYYCQQYDRLPPLTFGEGTKVEIK,3.24e-11,1.8341657290480977,2.0751960480489537,1.9546808885485256,24.152862693130263,False
>32_1.5_AM14_01_0084,VQLVESGGGVVQPGRSLRLSCVASGFSFSHYAMHWVRQPPGKGLEWVAVISYDGENTYYADSVKGRFSISRDNSKNTVHLQMNSLRPEDTALYYCARDRIVDDYYYYGMDVWGQGATVTVSS,DIQMTQSPESLSASVGDRVTITCQASQDIKKYLNWYHQKPGKVPELLMYDANKLDSNVPSRFSGRGSGTDFTLTISSLQPEDIGTYYCQQYDKLPPLTFGEGTKVEIK,1.9e-11,1.736553209523469,2.122766091487432,1.9296596505054504,24.686582136762105,False
>33_1_AM14_01_0032,VQLVESGGGVVQPGRSLRLSCKASGFSFSHYAMHWVRQPPGKGLEWVAVISYDGEETYYADSVKGRFSISRDNSKNTVHLQMNNLRPEDTALYYCARDRIVDDYYYYGMDVWGQGATVIVSS,DIQMTQSPESLSASVGDRVTITCKSSQSLLNSNTQKNYLAWYHQKPGKVPELLMHDATNLEPGVPSRFSGRGSGTDFTLTISSLQPEDIGTYYCQQYDKLPPLTFGEGTKVEIK,3.39e-11,1.9439039623718266,2.198531249619315,2.071217605995571,24.107606101542142,False
>34_1_AM14_01_0084,VQLVESGGGVVQPGRSLRLSCVASGFSFSHYAMHWVRQPPGKGLEWVAVISYDGEITYYADSVKGRFSISRDNSKNTVHLQMNNLRPEDTALYYCARDRIVDDYYYYGMDVWGQGATVTVSS,DIQMTQSPESLSASVGDRVTITCQASQDIKNYLNWYHQKPGKVPELLMYDSNKLDSNVPSRFSGRGSGTDFTLTISSLQPEDIGTYYCQQYDKLPPLTFGEGTKVEIK,2.43e-11,1.8316479594437496,2.2121823690134215,2.0219151642285853,24.440544765582043,False
>35_2.5_AM14_01_0010,VQLVESGGGVVQPGRSLRLSCQASGFSFSHYAMHWVRQPPGKGLEWVAVISYDGEITYYADSVKGRFSISRDNSKNTVSLQMNSLRPEDTALYYCARDRIVDDYYYYGMDVWGQGATVTVSS,DIQMTQSPSSLSASVGDRVTITCQASQDIKKYLNWYHQKPGKVPELLMDKGHVVHPGVPSRFSGRGSGTDFTLTISSLQPEDIGTYYCQQYDNLPPLTFGEGTKVEIK,3.57e-11,1.831370676630026,2.0543312679674917,1.9428509722987588,24.055870427142953,False
>36_2_AM14_01_0032,VQLVESGGGVVQPGRSLRLSCAASGFSFSHYAMHWVRQPPGKGLEWVAVISYDGEETYYADSVKGRFSISRDNSKNTVHLQMNNLRPEDTALYYCARDRIVDDYYYYGMDVWGQGATVTVSS,DIQMTQSPSSLSASVGDRVTITCKSSQSLLNSNTQKNYLAWYHQKPGKVPELLMHDASNLEPGVPSRFSGRGSGTDFTLTISSLQPEDIGTYYCQQYDKLPPLTFGEGTKVEIK,2.5e-11,1.7999683674868832,1.9293849823348774,1.8646766749108803,24.412145291060348,False
>37_3.5_AM14_01_0010,VQLVESGGGVVQPGRSLRLSCAASGFSFSHYAMHWVRQPPGKGLEWVAVISYDGENTYYADSVKGRFSISRDNSKNTVSLQMNSLRPEDTALYYCARDRIVDDYYYYGMDVWGQGATVTVSS,DIQMTQSPSSLSASVGDRVTITCQASQDIKKYLNWYHQKPGKVPELLMDKGHVVHPGVPSRFSGRGSGTDFTLTISSLQPEDIGTYYCQQYDNLPPLTFGEGTKVEIK,4.7e-11,1.6729482046276212,2.0543312679674917,1.8636397362975563,23.780873514218488,False
>38_3.5_AM14_01_0031,VQLVESGGGVVQPGRSLRLSCAASGFSFSHYAMHWVRQPPGKGLEWVAVISYDGENTYYADSVKGRFSISRDNSKNTVSLQMNSLRPEDTALYYCARDRIVDDYYYYGMDVWGQGATVTVSS,DIQMTQSPSSLSASVGDRVTITCRASQSLVNSNGNTYLYWYHQKPGKVPELLMHDASNLETGVPSRFSGRGSGTDFTLTISSLQPEDIGTYYCQQYDNLPPLTFGGGTKVEIK,1.68e-09,1.6729482046276212,1.6773509421209722,1.6751495733742967,20.204472043531243,False
>39_3_AM14_01_0010,VQLVESGGGVVQPGRSLRLSCAASGFSFSHYAMHWVRQPPGKGLEWVAVISYDGEITYYADSVKGRFSISRDNSKNTVSLQMNSLRPEDTALYYCARDRIVDDYYYYGMDVWGQGATVTVSS,DIQMTQSPSSLSASVGDRVTITCQASQDIKKYLNWYHQKPGKVPELLMDKGHVVHPGVPSRFSGRGSGTDFTLTISSLQPEDIGTYYCQQYDNLPPLTFGEGTKVEIK,5.85e-11,1.7182361495964418,2.0543312679674917,1.8862837087819666,23.561994361690736,False
>59_AM14_0_5,VQLVEDGGGIVQPGRSLRLSCYARGFDFHHYAMHWVRQPPGDGLEWVAVISYDGEQTYYADSVKGRFSISRDNSKNTVYLQMNSLQPEDTALYYCARDRIVDDVYYYGMDVWGQGAMVIVDS,DVQLIQSPESLSARVGDKVTIYCQSSRDIHNYLNWYHQKPGRVPELLMHDAWNLEPGVPERFQGRGSGTDFTLTISHLQPEDTGIYYCQAYHNYGNLSFGQGTYVEIS,1.23e-10,3.2959000468742046,5.166639124391672,4.231269585632939,22.81883676055613,False
>60_AM14_0_5_frame,VQLHTSGGGVVPPGRSLRLVCYASGFSFSHYAMHWVRQPPGDGLEWVAVISYDGENTYYHPSVHGRFSISRDNSKNVVYLQMNSLQPEDTALYYCARDRIVDDYYYYGMDVWGQGAMVIVSS,DIQLYQSPESLWARVGDRVTIYCQASQDIKKYLNWYHQKPGRVPELLMHDASNLETGVPERFQGRGSGTDFTLTIESLQPEDQGIYYCQQYDNLPPLTFGQGTQVRIK,1.33e-11,3.323686242562244,3.8801884325142395,3.6019373375382417,25.04325708070084,False
>61_AM14_1_0_frame,VQLVTSGGGVVQPGRSLRLVCYASGFSFSHYAMHWVRQPPGDGLEWVAVISYDGENTYYHPSVKGRFSISRDNSKNTVYLQMNSLQPEDTALYYCARDRIVDDYYYYGMDVWGQGAMVIVSS,DIQLYQSPESLSARVGDRVTIHCQASQDIKKYLNWYHQKPGKVPELLMHDASNLETGVPSRFQGRGSGTDFTLTIESLQPEDQGIYYCQQYDNLPPLTFGQGTYVQIK,1.23e-11,2.8088828616334056,3.3563583335016194,3.0826205975675123,25.121421853550174,False
>62_AM14_1_5_frame,VQLVTSGGGVVQPGRSLRLVCYASGFSFSHYAMHWVRQPPGKGLEWVAVISYDGENTYYHDSVKGRFSISRDNSKNTVYLQMNSLQPEDTALYYCARDRIVDDYYYYGMDVWGQGAMVIVSS,DIQLYQSPSSLSARVGDRVTITCQASQDIKKYLNWYHQKPGKVPELLMHDASNLETGVPSRFQGRGSGTDFTLTISSLQPEDQGTYYCQQYDNLPPLTFGQGTKVVIK,1.68e-11,2.525378633927545,2.491583193818611,2.508480913873078,24.809642229519334,False
>63_AM14_2_0_frame,VQLVESGGGVVQPGRSLRLSCYASGFSFSHYAMHWVRQPPGKGLEWVAVISYDGENTYYADSVKGRFSISRDNSKNTVELQMNSLRPEDTALYYCARDRIVDDYYYYGMDVWGQGAWVIVSS,DIQLYQSPSSLSASVGDRVTITCQASQDIKKYLNWYHQKPGKVPELLMHDASNLETGVPSRFQGRGSGTDFTLTISSLQPEDQGTYYCQQYDNLPPLTFGQGTKVVIK,1.64e-11,2.110683273000431,2.279368916064721,2.195026094532576,24.833739781098394,False
