dataset_name,name,pdb,pdb_abs,sequence,negative_log_kd_raw,label_neglog_m,KD_M,unit_source,label_shift,source_row_index
gsk2023_MOTA_Kd,95_MOTA_WT,gsk2023_MOTA_Kd_0,/home/wyy/my_work/structure/gsk2023_MOTA_Kd/gsk2023_MOTA_Kd_0.pdb,QVTLRESGPALVKPTQTLTLTCTFSGFSLSTAGMSVGWIRQPPGKALEWLADIWWDDKKHYNPSLKDRLTISKDTSKNQVVLKVTNMDPADTATYYCARDMIFNFYFDVWGQGTTVTVSS/DIQMTQSPSTLSASVGDRVTITCSASSRVGYMHWYQQKPGKAPKLLIYDTSKLASGVPSRFSGSGSGTEFTLTISSLQPDDFATYYCFQGSGYPFTFGGGTKVEIK,23.1070609854,23.1070609854,7.81518052996e-24,M,0.0,0
gsk2023_MOTA_Kd,13_MOTA_01_2.5_0035,gsk2023_MOTA_Kd_1,/home/wyy/my_work/structure/gsk2023_MOTA_Kd/gsk2023_MOTA_Kd_1.pdb,QVTLRESGPSLVKPTQTLTLTCTFSGFSLSRAGMSVGWIRQPPGKSLEWLADIWWDGKTYYNPSLKDRLTISKDTSKNQVVLKVTNMDPADTATYYCARDMIFNFYFDVWGQGTTVTVSS/DIQMTQSPSTLSASVGDRVTITCSASSSVGYMHWYQQKPGKAPKLLIYDTSKLASGVPSRFSGSGSGTEFTLTISSLQPDDFATYYCFQGSSYPFTFGEGTKVEIK,23.0909229267,23.0909229267,8.11104990155e-24,M,0.0,1
gsk2023_MOTA_Kd,14_MOTA_02_0.5_0006,gsk2023_MOTA_Kd_2,/home/wyy/my_work/structure/gsk2023_MOTA_Kd/gsk2023_MOTA_Kd_2.pdb,QVTLRESGPSLVKPTQTLTLTCTFSGFSLSRAGMAVGWIRQPPGKSLEWLADIWWDGKTYYNPSLKDRLTISKDTSKNQVVLKVTNMDPADTATYYCARSMIFNFYFDVWGQGITVTVSS/DIQMTQSPSILSASVGDRVTITCSASSSVGYMHWYQQKPGKAPKLLIYDTSKLASGVPSRFSGSGSGTEFTLTISSLQPDDFATYYCFQGSSYPFTFGEGTKVEIK,20.8219818099,20.8219818099,1.50667017067e-21,M,0.0,2
gsk2023_MOTA_Kd,15_MOTA_02_1_0003,gsk2023_MOTA_Kd_3,/home/wyy/my_work/structure/gsk2023_MOTA_Kd/gsk2023_MOTA_Kd_3.pdb,QVTLRESGPSLVKPTQTLTLTCTFSGFSLSTAGMSVGWIRQPPGKSLEWLADIWWDDKKHYNPSLKDRLTISKDTSKNQVVLKVTNMDPADTATYYCARDMIFNFYFDVWGQGITVTVSS/DIQMTQSPSTLSASVGDRVTITCSASSRVGYMHWYQQKPGKAPKLLIYDTSKLASGVPSRFSGSGSGTEFTLTISSLQPDDFATYYCFQGSGYPFTFGEGTKVEIK,23.3242569658,23.3242569658,4.73961466144e-24,M,0.0,3
gsk2023_MOTA_Kd,81_MOTA_3_0,gsk2023_MOTA_Kd_4,/home/wyy/my_work/structure/gsk2023_MOTA_Kd/gsk2023_MOTA_Kd_4.pdb,QVTLQESGPDLVKPGQTLTLTCTFDGFSLSHPGMSVGWIRQPPGKSLEWLADIWWDDKKYYNPSLKDRLRIYKDESKNQVVLKVTNMDPSDTATYYCARSMIFNFYFDVWGQGMTVTVSS/DIQMTQYPSTLSASVGDRVTITCSASSSVGYMHWYQQKPGKAPKLLIYDTSKLASGVPSRFDGSGSGTEFTLTIKHLQPDDFATYYCFQASDYPFTFGEGTKVEIG,22.4160853583,22.4160853583,3.83631837241e-23,M,0.0,4
gsk2023_MOTA_Kd,82_MOTA_4_0,gsk2023_MOTA_Kd_5,/home/wyy/my_work/structure/gsk2023_MOTA_Kd/gsk2023_MOTA_Kd_5.pdb,QVTLQESGPDLVKPGQTLTLTCTFDGFSLSQAGMSVGWIRQPPGKSLEWLADIWWDDKKHYNPSLKDRLRISKDTSKNQVVLKVTNMDPKDTATYYCARSMIFNFYFDVWGQGTTVTVSS/DIQMTQFPSTLSASVGDRVTITCSASSEVGYMHWYQQKPGKAPKLLIYDTSKLASGVPSRFDGSGSGTEFTLTIKHLQPDDFATYYCFQGSHYPFTFGEGTKVEIG,23.068758431,23.068758431,8.53574768697e-24,M,0.0,5
gsk2023_MOTA_Kd,83_MOTA_1_5_frame,gsk2023_MOTA_Kd_6,/home/wyy/my_work/structure/gsk2023_MOTA_Kd/gsk2023_MOTA_Kd_6.pdb,QVRLQESGPDLVKPGQTLTLTCFFDGFSLSTAGMSVGWIRQPPGDSLEWLADIWWDDKKFYNPSLKDRLRISKDESKNQVVLKVTNMDPHDTATYYCARDMIFNFYFDVWGQGMHVTVSS/DIQMTQYPSSLSASVGDRVTIHCSASSRVGYMHWYQQKPGKAPKLLIYDTSKLASGVPERFSGDGSGTEFTLTIKHLQPDDFAIYYCFQGSGYPFTFGEGTKVEIG,23.5383446108,23.5383446108,2.8950454699e-24,M,0.0,6
gsk2023_MOTA_Kd,84_MOTA_2_0_frame,gsk2023_MOTA_Kd_7,/home/wyy/my_work/structure/gsk2023_MOTA_Kd/gsk2023_MOTA_Kd_7.pdb,DVTLQESGPHLVKPGQTLVLTCTFDGFSLSTAGMSVGWIRQPPGKSLEWLADIWWDDKTFYNPSLKDNLRISKDDSKNQVVLKVTNMQPSDTATYYCARDMIFNFYFDVWGQGMFVTVSS/DIQLTQYPSTLSASVGDRVTITCSASSRVGYMHWYQQKPGKAPRLLIYDTSKLASGVPERFSGDGSGTIFTLHIKHLQPDDFATYYCFQGSGYPFTFGEGTKVEIG,24.0814037291,24.0814037291,8.29079679513e-25,M,0.0,7
gsk2023_MOTA_Kd,85_MOTA_2_5_frame,gsk2023_MOTA_Kd_8,/home/wyy/my_work/structure/gsk2023_MOTA_Kd/gsk2023_MOTA_Kd_8.pdb,QVTLQESGPHLVKPGQTLTLTCYFDGFSLSTAGMSVGWIRQPPGKSLEWLADIWWDDKKYYNPSLKDRLRISKDESKNQVVLKVTNMDPQDTATYYCARDMIFNFYFDVWGQGMTVTVSS/DIQMTQFPSTLSASVGDRVTIHCSASSRVGYMHWYQQKPGKAPKLLIYDTSKLASGVPSRFDGSGSGTEFTLTIKHLQPDDFATYYCFQGSGYPFTFGEGTKVEIG,23.5774985482,23.5774985482,2.64546153804e-24,M,0.0,8
gsk2023_MOTA_Kd,86_MOTA_3_5_frame,gsk2023_MOTA_Kd_9,/home/wyy/my_work/structure/gsk2023_MOTA_Kd/gsk2023_MOTA_Kd_9.pdb,QVTLQESGPHLVKPGQTLTLTCTFWGFSLSTAGMSVGWIRQPPGKSLEWLADIWWDDKKHYNPSLKDRLRISKDTSKNQVVLKVTNMDPSDTATYYCARDMIFNFYFDVWGQGTTVTVSS/DIQMTQFPSTLSASVGDRVTITCSASSRVGYMHWYQQKPGKAPKLLIYDTSKLASGVPSRFDGSGSGTEFTLTIKHLQPDDFATYYCFQGSGYPFTFGEGTKVEIG,22.8688471811,22.8688471811,1.35254841211e-23,M,0.0,9
gsk2023_MOTA_Kd,87_MOTA_4_0_frame,gsk2023_MOTA_Kd_10,/home/wyy/my_work/structure/gsk2023_MOTA_Kd/gsk2023_MOTA_Kd_10.pdb,QVTLQESGPDLVKPGQTLTLTCTFDGFSLSTAGMSVGWIRQPPGKSLEWLADIWWDDKKHYNPSLKDRLRISKDTSKNQVVLKVTNMDPKDTATYYCARDMIFNFYFDVWGQGTTVTVSS/DIQMTQFPSTLSASVGDRVTITCSASSRVGYMHWYQQKPGKAPKLLIYDTSKLASGVPSRFDGSGSGTEFTLTIKHLQPDDFATYYCFQGSGYPFTFGEGTKVEIG,23.2170114354,23.2170114354,6.06720353833e-24,M,0.0,10
